{"frames":{"0":[{"x1":426,"y1":241,"x2":448,"y2":261,"id":0,"width":992,"height":675,"type":"Rectangle","tags":["helmet"],"name":1},{"x1":480,"y1":254,"x2":500,"y2":274,"id":1,"width":992,"height":675,"type":"Rectangle","tags":["helmet"],"name":2}],"2":[{"x1":272.5,"y1":160,"x2":317.5,"y2":190,"id":3,"width":907,"height":675,"type":"Rectangle","tags":["helmet"],"name":1}],"3":[{"x1":236,"y1":372,"x2":340,"y2":453,"id":4,"width":908,"height":675,"type":"Rectangle","tags":["helmet"],"name":1},{"x1":182,"y1":215,"x2":210,"y2":237,"id":5,"width":908,"height":675,"type":"Rectangle","tags":["helmet"],"name":2}],"11":[{"x1":290,"y1":343,"x2":338,"y2":391,"id":6,"width":900,"height":675,"type":"Rectangle","tags":["helmet"],"name":1}],"17":[{"x1":636,"y1":162,"x2":688,"y2":200,"id":7,"width":900,"height":675,"type":"Rectangle","tags":["helmet"],"name":1}],"18":[{"x1":444,"y1":406.5,"x2":473,"y2":426.5,"id":8,"width":506,"height":675,"type":"Rectangle","tags":["helmet"],"name":1},{"x1":384,"y1":420,"x2":411,"y2":440,"id":9,"width":506,"height":675,"type":"Rectangle","tags":["helmet"],"name":2}],"19":[{"x1":219,"y1":327,"x2":285,"y2":388,"id":10,"width":506,"height":675,"type":"Rectangle","tags":["helmet"],"name":1}],"20":[{"x1":405,"y1":143,"x2":580,"y2":239,"id":11,"width":900,"height":675,"type":"Rectangle","tags":["helmet"],"name":1}],"24":[{"x1":141,"y1":281,"x2":222,"y2":332,"id":12,"width":506,"height":675,"type":"Rectangle","tags":["helmet"],"name":1}],"25":[{"x1":229,"y1":194,"x2":281,"y2":230,"id":13,"width":506,"height":675,"type":"Rectangle","tags":["helmet"],"name":1}],"27":[{"x1":194,"y1":224,"x2":270,"y2":284,"id":14,"width":506,"height":675,"type":"Rectangle","tags":["helmet"],"name":1}],"34":[{"x1":223,"y1":156,"x2":264,"y2":191,"id":15,"width":900,"height":675,"type":"Rectangle","tags":["helmet"],"name":1}],"44":[{"x1":268,"y1":317,"x2":297,"y2":341,"id":16,"width":448,"height":675,"type":"Rectangle","tags":["helmet"],"name":1}],"48":[{"x1":205,"y1":201,"x2":234,"y2":221,"id":17,"width":506,"height":675,"type":"Rectangle","tags":["helmet"],"name":1}],"49":[{"x1":213.5,"y1":202.5,"x2":233.5,"y2":222.5,"id":18,"width":506,"height":675,"type":"Rectangle","tags":["helmet"],"name":1}],"63":[{"x1":380,"y1":152,"x2":551,"y2":263,"id":19,"width":900,"height":675,"type":"Rectangle","tags":["helmet"],"name":1}],"69":[{"x1":571,"y1":280,"x2":608,"y2":316,"id":20,"width":1200,"height":675,"type":"Rectangle","tags":["helmet"],"name":1}],"80":[{"x1":371,"y1":209,"x2":420,"y2":247,"id":21,"width":900,"height":675,"type":"Rectangle","tags":["helmet"],"name":1},{"x1":435,"y1":299,"x2":498,"y2":352,"id":22,"width":900,"height":675,"type":"Rectangle","tags":["helmet"],"name":2}],"82":[{"x1":218,"y1":378,"x2":267,"y2":415,"id":23,"width":506,"height":675,"type":"Rectangle","tags":["helmet"],"name":1}],"83":[{"x1":223,"y1":378,"x2":268,"y2":413,"id":24,"width":506,"height":675,"type":"Rectangle","tags":["helmet"],"name":1}],"84":[{"x1":248,"y1":0,"x2":484,"y2":178,"id":25,"width":506,"height":675,"type":"Rectangle","tags":["helmet"],"name":1}],"88":[{"x1":220,"y1":354.5,"x2":246,"y2":374.5,"id":26,"width":508,"height":675,"type":"Rectangle","tags":["helmet"],"name":1}],"89":[{"x1":300,"y1":207,"x2":345,"y2":236,"id":27,"width":508,"height":675,"type":"Rectangle","tags":["helmet"],"name":1}],"104":[{"x1":103,"y1":220,"x2":345,"y2":390,"id":28,"width":900,"height":675,"type":"Rectangle","tags":["helmet"],"name":1}],"105":[{"x1":473,"y1":214,"x2":522,"y2":253,"id":29,"width":900,"height":675,"type":"Rectangle","tags":["helmet"],"name":1}],"107":[{"x1":503,"y1":461,"x2":555,"y2":508,"id":30,"width":900,"height":675,"type":"Rectangle","tags":["helmet"],"name":1}],"109":[{"x1":247,"y1":362.5,"x2":269,"y2":382.5,"id":31,"width":506,"height":675,"type":"Rectangle","tags":["helmet"],"name":1}],"113":[{"x1":460,"y1":359,"x2":513,"y2":415,"id":32,"width":900,"height":675,"type":"Rectangle","tags":["helmet"],"name":1}],"119":[{"x1":543.5,"y1":249,"x2":576.5,"y2":277,"id":33,"width":899,"height":675,"type":"Rectangle","tags":["helmet"],"name":1}],"124":[{"x1":436,"y1":278,"x2":481,"y2":314,"id":34,"width":900,"height":675,"type":"Rectangle","tags":["helmet"],"name":1}],"126":[{"x1":228,"y1":336,"x2":270,"y2":373,"id":35,"width":506,"height":675,"type":"Rectangle","tags":["helmet"],"name":1}],"128":[{"x1":325,"y1":519,"x2":407,"y2":560,"id":36,"width":900,"height":675,"type":"Rectangle","tags":["helmet"],"name":1}],"129":[{"x1":156,"y1":287,"x2":194,"y2":311,"id":37,"width":900,"height":675,"type":"Rectangle","tags":["helmet"],"name":1}],"131":[{"x1":250.5,"y1":251,"x2":270.5,"y2":271,"id":38,"width":506,"height":675,"type":"Rectangle","tags":["helmet"],"name":1}],"134":[{"x1":355,"y1":256,"x2":430,"y2":303,"id":39,"width":900,"height":675,"type":"Rectangle","tags":["helmet"],"name":1}],"135":[{"x1":357,"y1":256,"x2":428,"y2":293,"id":40,"width":900,"height":675,"type":"Rectangle","tags":["helmet"],"name":1}],"137":[{"x1":382,"y1":129,"x2":481,"y2":203,"id":41,"width":1012,"height":675,"type":"Rectangle","tags":["helmet"],"name":1},{"x1":469,"y1":164,"x2":559,"y2":227,"id":42,"width":1012,"height":675,"type":"Rectangle","tags":["helmet"],"name":2},{"x1":0,"y1":380,"x2":38,"y2":470,"id":43,"width":1012,"height":675,"type":"Rectangle","tags":["helmet"],"name":3},{"x1":611,"y1":53,"x2":687,"y2":123,"id":44,"width":1012,"height":675,"type":"Rectangle","tags":["helmet"],"name":4}],"138":[{"x1":464,"y1":90,"x2":821,"y2":304,"id":45,"width":900,"height":675,"type":"Rectangle","tags":["helmet"],"name":1},{"x1":408,"y1":191,"x2":442,"y2":222,"id":46,"width":900,"height":675,"type":"Rectangle","tags":["helmet"],"name":2}],"155":[{"x1":250,"y1":473,"x2":286,"y2":498,"id":47,"width":506,"height":675,"type":"Rectangle","tags":["helmet"],"name":1}],"156":[{"x1":95,"y1":0,"x2":398,"y2":205,"id":48,"width":506,"height":675,"type":"Rectangle","tags":["helmet"],"name":1}],"157":[{"x1":92,"y1":0,"x2":392,"y2":211,"id":49,"width":506,"height":675,"type":"Rectangle","tags":["helmet"],"name":1}],"158":[{"x1":578,"y1":159,"x2":683,"y2":241,"id":50,"width":900,"height":675,"type":"Rectangle","tags":["helmet"],"name":1}],"159":[{"x1":497,"y1":134,"x2":589,"y2":229,"id":51,"width":900,"height":675,"type":"Rectangle","tags":["helmet"],"name":1},{"x1":294,"y1":514,"x2":351,"y2":585,"id":52,"width":900,"height":675,"type":"Rectangle","tags":["helmet"],"name":2}],"160":[{"x1":427,"y1":231,"x2":481,"y2":275,"id":53,"width":900,"height":675,"type":"Rectangle","tags":["helmet"],"name":1}],"161":[{"x1":494,"y1":164,"x2":555,"y2":194,"id":54,"width":902,"height":675,"type":"Rectangle","tags":["helmet"],"name":1}],"163":[{"x1":380,"y1":73,"x2":444,"y2":112,"id":55,"width":900,"height":675,"type":"Rectangle","tags":["helmet"],"name":1}],"165":[{"x1":240,"y1":114,"x2":309,"y2":164,"id":56,"width":450,"height":675,"type":"Rectangle","tags":["helmet"],"name":1}],"172":[{"x1":292,"y1":576,"x2":324,"y2":604,"id":57,"width":506,"height":675,"type":"Rectangle","tags":["helmet"],"name":1},{"x1":241,"y1":164.5,"x2":263,"y2":184.5,"id":58,"width":506,"height":675,"type":"Rectangle","tags":["helmet"],"name":2}],"173":[{"x1":174,"y1":239,"x2":247,"y2":312,"id":59,"width":506,"height":675,"type":"Rectangle","tags":["helmet"],"name":1}],"175":[{"x1":673,"y1":198,"x2":726,"y2":234,"id":60,"width":900,"height":675,"type":"Rectangle","tags":["helmet"],"name":1}],"176":[{"x1":205,"y1":258,"x2":233,"y2":278,"id":61,"width":506,"height":675,"type":"Rectangle","tags":["helmet"],"name":1}],"177":[{"x1":251,"y1":305,"x2":278,"y2":330,"id":62,"width":506,"height":675,"type":"Rectangle","tags":["helmet"],"name":1}],"178":[{"x1":110,"y1":195,"x2":240,"y2":271,"id":63,"width":900,"height":675,"type":"Rectangle","tags":["helmet"],"name":1},{"x1":307,"y1":223,"x2":410,"y2":295,"id":64,"width":900,"height":675,"type":"Rectangle","tags":["helmet"],"name":2},{"x1":484,"y1":413,"x2":573,"y2":480,"id":66,"width":900,"height":675,"type":"Rectangle","tags":["helmet"],"name":3},{"x1":614,"y1":265,"x2":694,"y2":325,"id":67,"width":900,"height":675,"type":"Rectangle","tags":["helmet"],"name":4},{"x1":719,"y1":197,"x2":809,"y2":264,"id":68,"width":900,"height":675,"type":"Rectangle","tags":["helmet"],"name":5}],"179":[{"x1":179,"y1":193,"x2":317,"y2":301,"id":69,"width":506,"height":675,"type":"Rectangle","tags":["helmet"],"name":1}],"184":[{"x1":155,"y1":51,"x2":231,"y2":98,"id":70,"width":506,"height":675,"type":"Rectangle","tags":["helmet"],"name":1}],"189":[{"x1":253,"y1":254,"x2":396,"y2":337,"id":71,"width":900,"height":675,"type":"Rectangle","tags":["helmet"],"name":1}],"190":[{"x1":123,"y1":228,"x2":378,"y2":376,"id":72,"width":506,"height":675,"type":"Rectangle","tags":["helmet"],"name":1}],"191":[{"x1":246,"y1":291,"x2":279,"y2":312,"id":73,"width":506,"height":675,"type":"Rectangle","tags":["helmet"],"name":1}],"193":[{"x1":228.5,"y1":81,"x2":297.5,"y2":137,"id":74,"width":435,"height":675,"type":"Rectangle","tags":["helmet"],"name":1},{"x1":310.5,"y1":103,"x2":378.5,"y2":154,"id":75,"width":435,"height":675,"type":"Rectangle","tags":["helmet"],"name":2}],"194":[{"x1":196.5,"y1":290,"x2":219.5,"y2":312,"id":76,"width":505,"height":675,"type":"Rectangle","tags":["helmet"],"name":1},{"x1":300.5,"y1":318,"x2":335.5,"y2":348,"id":77,"width":505,"height":675,"type":"Rectangle","tags":["helmet"],"name":2}],"195":[{"x1":552,"y1":252,"x2":616,"y2":301,"id":78,"width":900,"height":675,"type":"Rectangle","tags":["helmet"],"name":1}],"197":[{"x1":51,"y1":193,"x2":281,"y2":350,"id":79,"width":506,"height":675,"type":"Rectangle","tags":["helmet"],"name":1}],"198":[{"x1":52,"y1":193,"x2":282,"y2":295,"id":80,"width":506,"height":675,"type":"Rectangle","tags":["helmet"],"name":1}],"202":[{"x1":378,"y1":166,"x2":454,"y2":208,"id":81,"width":900,"height":675,"type":"Rectangle","tags":["helmet"],"name":1}],"205":[{"x1":674,"y1":118,"x2":825,"y2":225,"id":82,"width":1014,"height":675,"type":"Rectangle","tags":["helmet"],"name":1}],"206":[{"x1":180,"y1":235,"x2":296,"y2":317,"id":83,"width":506,"height":675,"type":"Rectangle","tags":["helmet"],"name":1}],"208":[{"x1":463,"y1":50,"x2":705,"y2":204,"id":84,"width":900,"height":675,"type":"Rectangle","tags":["helmet"],"name":1}],"211":[{"x1":397.5,"y1":315,"x2":529.5,"y2":430,"id":85,"width":1033,"height":675,"type":"Rectangle","tags":["helmet"],"name":1}],"212":[{"x1":296,"y1":304,"x2":341,"y2":344,"id":86,"width":900,"height":675,"type":"Rectangle","tags":["helmet"],"name":1}],"213":[{"x1":401,"y1":206,"x2":517,"y2":281,"id":87,"width":900,"height":675,"type":"Rectangle","tags":["helmet"],"name":1},{"x1":741,"y1":454,"x2":777,"y2":480,"id":88,"width":900,"height":675,"type":"Rectangle","tags":["helmet"],"name":2}],"214":[{"x1":312,"y1":135,"x2":453,"y2":239,"id":89,"width":900,"height":675,"type":"Rectangle","tags":["helmet"],"name":1}],"216":[{"x1":213,"y1":254,"x2":270,"y2":277,"id":90,"width":506,"height":675,"type":"Rectangle","tags":["helmet"],"name":1}],"217":[{"x1":218,"y1":250,"x2":255,"y2":276,"id":91,"width":506,"height":675,"type":"Rectangle","tags":["helmet"],"name":1}],"220":[{"x1":373,"y1":169,"x2":560,"y2":334,"id":92,"width":900,"height":675,"type":"Rectangle","tags":["helmet"],"name":1},{"x1":536,"y1":88,"x2":900,"y2":380,"id":93,"width":900,"height":675,"type":"Rectangle","tags":["helmet"],"name":2},{"x1":804,"y1":46,"x2":900,"y2":184,"id":94,"width":900,"height":675,"type":"Rectangle","tags":["helmet"],"name":3}],"221":[{"x1":605,"y1":189,"x2":785,"y2":297,"id":95,"width":900,"height":675,"type":"Rectangle","tags":["helmet"],"name":1}],"224":[{"x1":219,"y1":153,"x2":298,"y2":230,"id":96,"width":506,"height":675,"type":"Rectangle","tags":["helmet"],"name":1},{"x1":232,"y1":163,"x2":470,"y2":332,"id":97,"width":506,"height":675,"type":"Rectangle","tags":["helmet"],"name":2}],"225":[{"x1":353,"y1":117,"x2":472,"y2":250,"id":98,"width":900,"height":675,"type":"Rectangle","tags":["helmet"],"name":1}],"226":[{"x1":298,"y1":174,"x2":384,"y2":242,"id":99,"width":506,"height":675,"type":"Rectangle","tags":["helmet"],"name":1}],"227":[{"x1":231,"y1":312,"x2":301,"y2":358,"id":100,"width":506,"height":675,"type":"Rectangle","tags":["helmet"],"name":1}],"228":[{"x1":516,"y1":312,"x2":550,"y2":348,"id":101,"width":900,"height":675,"type":"Rectangle","tags":["helmet"],"name":1}],"229":[{"x1":509,"y1":310,"x2":555,"y2":354,"id":102,"width":900,"height":675,"type":"Rectangle","tags":["helmet"],"name":1}],"230":[{"x1":286,"y1":117,"x2":375,"y2":177,"id":103,"width":506,"height":675,"type":"Rectangle","tags":["helmet"],"name":1}],"231":[{"x1":288,"y1":117,"x2":371,"y2":179,"id":104,"width":506,"height":675,"type":"Rectangle","tags":["helmet"],"name":1}],"236":[{"x1":217,"y1":147,"x2":301,"y2":205,"id":105,"width":1012,"height":675,"type":"Rectangle","tags":["helmet"],"name":1},{"x1":373,"y1":151,"x2":449,"y2":204,"id":106,"width":1012,"height":675,"type":"Rectangle","tags":["helmet"],"name":2},{"x1":588,"y1":82,"x2":671,"y2":135,"id":107,"width":1012,"height":675,"type":"Rectangle","tags":["helmet"],"name":3},{"x1":730,"y1":41,"x2":809,"y2":92,"id":108,"width":1012,"height":675,"type":"Rectangle","tags":["helmet"],"name":4}],"242":[{"x1":593,"y1":353,"x2":655,"y2":395,"id":109,"width":900,"height":675,"type":"Rectangle","tags":["helmet"],"name":1}]},"framerate":"1","inputTags":"helmet","suggestiontype":"track","scd":false,"visitedFrames":[0,1,2,3,4,5,6,7,8,9,10,11,12,13,14,15,16,17,18,19,20,21,22,23,24,25,26,27,28,29,30,31,32,33,34,35,36,37,38,39,40,41,42,43,44,45,46,47,48,49,50,51,52,53,54,55,56,57,58,59,60,61,62,63,64,65,66,67,68,69,70,71,72,73,74,75,76,77,78,79,80,81,82,83,84,85,86,87,88,89,90,91,92,93,94,95,96,97,98,99,100,101,102,103,104,105,106,107,108,109,110,111,112,113,114,115,116,117,118,119,120,121,122,123,124,125,126,127,128,129,130,131,132,133,134,135,136,137,138,139,140,141,142,143,144,145,146,147,148,149,150,151,152,153,154,155,156,157,158,159,160,161,162,163,164,165,166,167,168,169,170,171,172,173,174,175,176,177,178,179,180,181,182,183,184,185,186,187,188,189,190,191,192,193,194,195,196,197,198,199,200,201,202,203,204,205,206,207,208,209,210,211,212,213,214,215,216,217,218,219,220,221,222,223,224,225,226,227,228,229,230,231,232,233,234,235,236,237,238,239,240,241,242],"tag_colors":["#ef0ab1"]}